{"cameraMode":{"drawMode":0,"name":"Shaded","section":"Shading Mode"},"sceneLighting":true,"audioPlay":false,"sceneViewState":{"showFog":true,"showMaterialUpdate":false,"showSkybox":true,"showFlares":true,"showImageEffects":true,"showParticleSystems":true},"in2DMode":false,"pivot":{"x":13.594390869140625,"y":0.7971899509429932,"z":149.63368225097657},"rotation":{"x":0.09498091787099838,"y":-0.23107652366161347,"z":0.022714780643582345,"w":0.9680662751197815},"size":5.8209228515625,"orthographic":false}