{"cameraMode":{"drawMode":0,"name":"Shaded","section":"Shading Mode"},"sceneLighting":false,"audioPlay":false,"sceneViewState":{"showFog":true,"showMaterialUpdate":false,"showSkybox":false,"showFlares":true,"showImageEffects":true,"showParticleSystems":true},"in2DMode":false,"pivot":{"x":0.00028884410858154297,"y":1.917710542678833,"z":0.0},"rotation":{"x":0.202140673995018,"y":-0.21683591604232789,"z":0.045945800840854648,"w":0.9539507627487183},"size":3.724654197692871,"orthographic":false}