{"cameraMode":{"drawMode":0,"name":"Shaded","section":"Shading Mode"},"sceneLighting":true,"audioPlay":false,"sceneViewState":{"showFog":true,"showMaterialUpdate":false,"showSkybox":true,"showFlares":true,"showImageEffects":true,"showParticleSystems":true},"in2DMode":false,"pivot":{"x":13.935969352722168,"y":-2.5681891441345217,"z":253.62570190429688},"rotation":{"x":0.37318742275238039,"y":-0.08914977312088013,"z":0.036079373210668567,"w":0.9227786064147949},"size":10.012721061706543,"orthographic":false}