{"cameraMode":{"drawMode":0,"name":"Shaded","section":"Shading Mode"},"sceneLighting":true,"audioPlay":false,"sceneViewState":{"showFog":true,"showMaterialUpdate":false,"showSkybox":true,"showFlares":true,"showImageEffects":true,"showParticleSystems":true},"in2DMode":false,"pivot":{"x":0.8142362833023071,"y":-0.16962671279907227,"z":10.911185264587403},"rotation":{"x":-0.2451401650905609,"y":-0.032860998064279559,"z":0.008314160630106926,"w":-0.9688947200775147},"size":11.619263648986817,"orthographic":false}